{
    "model": "mobilenetv2",
    "accuracy": 0.762,
    "precision_weighted": 0.7643688195415871,
    "recall_weighted": 0.762,
    "f1_weighted": 0.7507482567585402,
    "specificity_macro": 0.9402355254316087,
    "classes": [
        "actinic_keratoses",
        "basal_cell_carcinoma",
        "benign_keratosis",
        "dermatofibroma",
        "melanocytic_nevi",
        "melanoma",
        "vascular_lesions"
    ],
    "specificity_per_class": [
        0.99328165374677,
        0.9863013698630136,
        0.8781583380123527,
        0.9989883662114315,
        0.7572078907435509,
        0.9707536557930259,
        0.9969574036511156
    ]
}