{
    "model": "mobilenetv2",
    "accuracy": 0.7685,
    "precision_weighted": 0.7636659978321289,
    "recall_weighted": 0.7685,
    "f1_weighted": 0.754175350749008,
    "specificity_macro": 0.9379939816551304,
    "classes": [
        "actinic_keratoses",
        "basal_cell_carcinoma",
        "benign_keratosis",
        "dermatofibroma",
        "melanocytic_nevi",
        "melanoma",
        "vascular_lesions"
    ],
    "specificity_per_class": [
        0.9943152454780362,
        0.987881981032666,
        0.9062324536777091,
        1.0,
        0.7207890743550834,
        0.9623172103487064,
        0.994421906693712
    ]
}
